time,area_h1,area_h2,area_h3,area_h4,area_h5,area_h6,area_h7
0,134071.5554472,44264.953023481,35656.844915372,44264.953023481,40751.439509967,9526.2200895163,341464.03399097
3125,134069.37399891,44272.38279158,35656.06399353,44262.754020535,40749.250689065,9639.4378931331,341350.73661323
6250,134063.84495232,44293.044809245,35657.132288248,44260.440869486,40746.666644416,10097.216256953,340881.65417932
12500,134030.05471528,44400.635919811,35673.204098327,44258.675308588,40741.753757431,11324.398912535,339571.27728802
18750,133960.05081563,44578.44612024,35707.548352399,44261.691935256,40737.994686366,12736.044374032,338018.22371607
25000,133855.75073344,44801.053152334,35756.226214093,44269.533324238,40735.714391754,14163.536151213,336418.18603292
31250,133726.38480438,45053.211971242,35813.764476643,44281.022267006,40734.622315614,15568.191514141,334822.80265096
37500,133580.85948265,45328.818108028,35876.176741928,44294.80163843,40734.255703097,16945.457814302,333239.63051155
43750,133425.04611765,45622.834989558,35941.312679819,44309.849486995,40734.231433305,18272.098864803,331694.62642786
50000,133261.85414981,45929.917451985,36008.367384033,44325.551290586,40734.309101251,19606.012391702,330133.98823063
56250,133092.0676427,46245.798401165,36077.368208258,44341.633253317,40734.36408598,20731.329046277,328777.43936229
62500,132915.2216127,46567.716789934,36148.789773724,44358.086823716,40734.35874091,21790.635422601,327485.1908364
68750,132730.32864608,46895.567745657,36223.279902899,44375.092626092,40734.332681079,22767.249450377,326274.14894781
75000,132536.40145678,47231.979510318,36301.477375318,44392.94142957,40734.398022468,23686.83847698,325115.96372856
81250,132332.77616771,47578.725719624,36383.906239467,44411.96346629,40734.725454448,24575.933407328,323981.96954513
93750,131895.73451022,48286.970463509,36563.985569688,44455.186852532,40737.320127404,26740.38669767,321320.41577897
106250,131426.15271041,49005.885049677,36762.886035743,44506.466240065,40743.640575893,28631.528145132,318923.44124307
118750,130935.36649156,49721.543019866,36977.128715126,44566.476135299,40754.837526753,30283.423864554,316761.22424683
131250,130434.55441422,50426.20608579,37200.871222118,44634.76794823,40771.609076458,31819.815770935,314712.17548223
143750,129931.06171643,51196.223858532,37428.208623988,44709.705062543,40794.228633624,33326.328251372,312614.2438535
156250,129427.08292201,51948.046759228,37655.203309948,44788.672081256,40822.505540283,34666.251229341,310692.23815792
168750,128920.51080539,52624.118388406,37880.799629496,44868.730012995,40855.689123106,35826.660583555,309023.49145704
181250,128407.49879,53254.933340853,38106.622114242,44947.419704759,40892.448641094,36863.24686351,307527.83054553
193750,127885.5670144,53861.631629648,38335.919568073,45023.322945687,40931.040711814,37805.976774114,306156.54135626
206250,127355.84504046,54452.351618222,38572.133587381,45096.266834721,40969.644866786,38673.223536347,304880.53451607
218750,126822.90031175,55024.300558642,38817.529049111,45167.233421501,41006.725161175,39488.698212748,303672.61328506
231250,126292.41328832,55571.063926124,39072.161253381,45238.042022836,41041.280674097,40260.902465237,302524.13636999
243750,125768.83149399,56090.11860677,39333.58953628,45310.883869124,41072.945335315,40990.564428653,301433.06672985
256250,125253.78880154,56585.70680813,39597.624433885,45387.831693079,41101.970263232,41675.448315822,300397.6296843
268750,124745.34560445,57067.06751091,39859.880673783,45470.401386592,41129.122976573,42326.594504856,299401.58734283
281250,124238.71937718,57543.51266627,40117.499753506,45559.185300899,41155.523844582,42955.400121187,298430.15893636
293750,123728.32901912,58019.610575781,40370.258050554,45653.641649312,41182.452787414,43556.931417348,297488.77650046
306250,123210.04474742,58495.224159553,40620.58923202,45752.204379305,41211.171907449,44126.359268086,296584.40630616
318750,122682.75992437,58968.515018511,40872.620377747,45852.757731992,41242.78249832,44676.893166901,295703.67128215
331250,122148.48536379,59434.130537387,41130.755321308,45953.286066975,41278.091241587,45217.049252247,294838.2022167
343750,121610.99063758,59886.1264648,41398.234843762,46052.43789133,41317.459468334,45735.917381628,293998.83331255
356250,121074.30817111,60322.21318805,41675.889516997,46149.852335875,41360.663530514,46229.571599087,293187.50165836
368750,120541.71113618,60743.478780959,41961.544802805,46246.212914141,41406.852905353,46711.740252054,292388.4592085
381250,120014.80531332,61154.190467719,42250.752728797,46343.056019807,41454.683960483,47181.659626706,291600.85188315
393750,119492.97040969,61558.102153955,42538.736979281,46442.40711654,41502.61526582,47632.026321628,290833.14175308
406250,118973.65112288,61957.191970849,42822.334693133,46546.340752936,41549.255972151,48054.066669072,290097.15881897
418750,118453.37984106,62353.574744114,43100.958878195,46656.531533444,41593.646840537,48464.535272316,289377.37289033
431250,117929.17351588,62748.790251319,43376.453707884,46773.860966154,41635.414781348,48854.522622185,288681.78415522
443750,117399.82707795,63142.164080627,43652.214450527,46898.208115237,41674.799845424,49218.375309204,288014.41112102
456250,116866.29759735,63530.481961019,43931.906356072,47028.558368746,41712.575129225,49545.86401255,287384.31657503
468750,116330.98933914,63907.916734696,44217.864830121,47163.405904887,41749.887681086,49855.42847592,286774.50703414
481250,115796.73316102,64270.61671018,44509.708508375,47301.269958961,41788.062462735,50141.656995926,286191.95220279
493750,115265.93232369,64623.616270257,44804.337939383,47441.144162075,41828.409838592,50395.663624063,285640.89584193
506250,114739.75592925,64972.539891262,45097.49400829,47582.776141372,41872.049910785,50592.332387832,285143.0517312
518750,114217.59843446,65315.514805144,45385.60734654,47726.729347399,41919.74114853,50763.030597509,284671.7783204
531250,113697.21048886,65651.866918933,45666.902111456,47874.24077552,41971.716993661,50891.022211087,284247.04050047
543750,113175.41300985,65983.326015995,45941.667577122,48026.942694248,42027.584485053,50961.851435315,283883.21478241
556250,112649.05912545,66310.897564897,46212.015883702,48186.50948217,42086.364637473,50983.839885221,283571.31342108
568750,112116.08592681,66634.991663119,46481.232749951,48354.253348056,42146.703006994,50942.090729425,283324.64257563
581250,111576.37343313,66961.373390966,46752.731075723,48530.738978635,42207.188217276,50833.188754349,283138.40614991
593750,111031.90490565,67291.161986134,47029.104411236,48715.576384001,42266.669293325,50652.391291651,283013.191728
606250,110486.13430699,67631.409443449,47312.574662636,48907.520595305,42324.485912206,50390.626167445,282947.24891196
612500,110212.44528603,67802.074158775,47457.432464115,49005.246597614,42353.05249317,50251.43759173,282918.31140856
618750,109939.82819798,67971.104983731,47605.809770441,49104.145208281,42381.191251844,50101.329225487,282896.59136222
631250,109403.26443467,68448.79074363,48041.387456672,49305.076282639,42435.968478708,49754.924611736,282610.58799194
643750,108874.89788851,68881.068765936,48420.245407953,49508.643320158,42490.528410209,49351.297480783,282473.31872644
656250,108354.72597676,69288.245640235,48767.034166494,49714.665513192,42546.124211555,48860.315439361,282468.88905239
668750,107840.56301746,69682.682718427,49095.12283222,49923.981832629,42604.082129076,48302.539017296,282551.02845288
681250,107328.58002898,70069.07564776,49407.052082271,50138.12525112,42665.58912677,47704.11674375,282687.46111934
693750,106814.23203601,70452.29551147,49707.333213147,50358.694210583,42731.479832556,47025.27032558,282910.69487064
706250,106293.40257203,70830.023501505,50003.241470245,50586.691955904,42802.045337482,46260.225469396,283224.36969343
718750,105763.59702976,71207.064999864,50294.668139919,50822.194223457,42876.931702813,45422.962020346,283612.58188383
725000,105494.76602255,71395.911255226,50440.106698859,50942.215930634,42915.521888674,44979.713084298,283831.76511975
737500,104952.39496625,71763.745302252,50725.928058905,51187.367099851,42995.001130873,43970.639379544,284404.92406231
743750,104678.43798287,71944.101867599,50870.095718094,51311.781297852,43035.343835116,43482.746259937,284677.49303852
750000,104403.80562827,72124.300617667,51014.777246943,51437.334106346,43075.928493249,43039.383715069,284904.47019244
762500,103857.71872807,72474.791429981,51302.941941826,51691.546007541,43156.964807781,42136.896012719,285379.14107207
768750,103584.74509855,72648.306789639,51447.992398086,51820.114679907,43197.481920671,41667.061432853,285634.29768029
775000,103313.60782366,72815.940633652,51592.286056007,51949.612761148,43237.782563156,41233.608750998,285857.16141136
781250,103044.79385906,72981.23458699,51735.211746858,52080.127906255,43277.83748964,40781.395863447,286099.39854774
787500,102778.66812834,73146.765477963,51875.234876384,52211.800547292,43317.656288447,40319.133523855,286350.74115771
793750,102515.44898695,73308.730714069,52011.935635281,52344.811311879,43357.286621972,39865.032260978,286596.75446886
800000,102255.19442266,73467.42915297,52147.070718199,52479.354817639,43396.811294848,39398.0879429,286856.05165077
806250,101997.80002937,73625.205565657,52281.420918619,52615.60235541,43436.342970233,38900.231836524,287143.39632417
812500,101743.00821004,73778.958544724,52414.200807411,52753.666000722,43476.018212062,38405.185560051,287428.96266498
818750,101490.42685189,73927.803776045,52544.089503433,52893.577442599,43515.990550494,37895.665646487,287732.44622904
825000,101239.55485843,74076.277962152,52671.361681137,53035.292199506,43556.42298549,37361.970634571,288059.1196787
831250,100989.81211832,74224.335306205,52796.938642626,53178.717877128,43597.481040603,36811.880855578,288400.83415953
837500,100740.57211582,74371.448434,52920.443486247,53323.752173151,43639.325392222,36257.445552341,288747.0128462
843750,100491.19633498,74523.766061255,53041.682507938,53470.317033782,43682.104231632,35677.753477446,289113.18035296
850000,100241.06979381,74680.583379458,53161.257279057,53618.382325084,43725.946271901,35058.735095831,289514.02585484
856250,99989.636819689,74833.171191127,53279.467983264,53767.974574781,43770.953446057,34442.261557041,289916.53442803
862500,99736.434928474,74984.341586076,53396.638728552,53919.171422003,43817.194222345,33827.076960808,290319.14215173
868750,99481.124298632,75143.234624003,53512.758838358,54072.086201728,43864.698853052,33150.905711259,290775.19147296
875000,99223.509718796,75304.338905092,53627.476267263,54226.847681064,43913.456293355,32466.896797262,291237.47433716
881250,98963.552967966,75463.818509119,53740.49472331,54383.577055768,43963.414117876,31805.222061567,291679.92056438
887500,98701.374432821,75627.023266215,53851.767383155,54542.357427482,44014.48201913,31093.42991028,292169.56556091
893750,98437.244188017,75792.364422839,53961.828248538,54703.1895167,44066.537600536,30357.54438518,292681.29163818
900000,98171.56388482,75954.231660527,54071.656270198,54865.939840674,44119.434964433,29645.667121379,293171.50625796
906250,97904.840839997,76116.735327424,54181.116241744,55030.305856714,44173.014763166,28919.182060027,293674.80491092
912500,97637.656052417,76279.313585982,54288.656759804,55195.828168157,44227.113707829,28081.850224482,294289.58150132
918750,97370.627870089,76439.230898596,54393.119771893,55361.959886671,44281.575413862,27234.192702566,294919.29345631
925000,97104.373098327,76605.415286245,54494.828658456,55528.165137118,44336.259698304,26465.310498326,295465.64762321
931250,96839.467980534,76763.69171481,54594.5703602,55694.012186806,44391.050457662,25795.017992368,295922.18930761
937500,96576.411884479,76911.148092676,54692.842207284,55859.243592717,44445.86284539,25188.92410451,296325.56727293
943750,96315.596610254,77052.041937136,54790.036879945,56023.813062226,44500.648271226,24613.282982983,296704.58025622
950000,96057.28394619,77188.900200814,54885.3682867,56187.883560101,44555.397250717,24055.321687389,297069.84506808
956250,95801.593157635,77323.8349588,54977.029383155,56351.788571814,44610.140014032,23506.434011195,297429.17990336
962500,95548.498685392,77458.107297071,55064.367215282,56515.968081553,44664.944052184,22979.30982047,297768.80484804
968750,95297.837357787,77591.649177874,55148.366143286,56680.891330101,44719.909853956,22446.688262243,298114.65787474
975000,95049.322952456,77723.960483177,55229.995339035,56846.96942916,44775.164743429,21921.889487925,298452.69756481
981250,94802.566297911,77854.856009656,55310.06416511,57014.464852372,44830.855331836,21416.498091757,298770.69525135
987500,94557.099096352,77984.483743054,55388.770110822,57183.430743612,44887.14019015,20897.450736905,299101.62537909
993750,94312.40048325,78113.417221342,55464.605521308,57353.71806342,44944.181765264,20342.972806339,299468.70413907
1000000,94067.925716378,78242.202616068,55536.535293832,57525.052412703,45002.138890978,19811.838283021,299814.30678701
1006250,93823.136224146,78370.699918913,55605.625593851,57697.136675929,45061.159058668,19340.532222776,300101.71030571
1012500,93577.529626584,78498.52833746,55673.151087835,57869.739112328,45121.370247005,18931.800205209,300327.88138357
1018750,93330.667638598,78625.51357622,55739.714179307,58042.754018617,45182.873406261,18566.079876844,300512.39730414
1025000,93082.199380993,78751.455496183,55805.676708482,58216.230773348,45245.735614624,18235.414878237,300663.28714812
1031250,92831.877931824,78876.407330607,55870.337366568,58390.360792626,45309.98471509,17945.169088116,300775.86277516
1037500,92579.568802071,79000.950953521,55932.923325466,58565.421805067,45375.606962752,17672.444665292,300873.08348582
1043750,92325.250408121,79125.399030197,55994.388491661,58741.69846303,45442.547545491,17463.960971491,300906.75509
1050000,92069.007644968,79249.501898379,56055.974536434,58919.398990657,45510.714840312,17289.54108095,300905.86100829
1056250,91811.0208035,79372.98826479,56117.875286066,59098.581131774,45579.98779126,17118.939706778,300900.60701582
1062500,91551.551474926,79495.597427547,56180.054199002,59279.105363546,45650.224987465,16966.935871889,300876.53067561
1068750,91290.926976629,79616.890335608,56242.399236262,59460.639059432,45721.275565511,16814.067330502,300853.80149604
1075000,91029.523527276,79736.76112519,56304.009747672,59642.720408004,45792.98967081,16664.371188486,300829.62433255
1081250,90767.747784529,79855.612390276,56364.518355642,59824.857693874,45865.228595978,16527.384200073,300794.65097962
1087500,90506.016310911,79973.715367281,56424.736555184,60006.626432386,45937.874146307,16381.654197881,300769.37699004
1093750,90244.733202652,80091.021918981,56485.338923034,60187.741718259,46010.836427208,16247.803258749,300732.52455111
1100000,89984.267228856,80207.361329472,56546.17492396,60368.102720411,46084.060455078,16116.335344679,300693.69799753
1106250,89724.930724592,80322.40491491,56606.962122657,60547.805628678,46157.530470129,15979.635974205,300660.73016482
1112500,89466.962691895,80435.671535753,56667.711206698,60727.116998541,46231.27190479,15857.865277638,300613.40038467
1118750,89210.518018518,80546.851776322,56728.1051414,60906.408040347,46305.350830548,15728.771630194,300573.99456266
1125000,88955.66346114,80656.047393265,56787.527171638,61086.066348426,46379.870475677,15605.918512525,300528.90663732
1131250,88702.379945857,80763.485752237,56845.722432612,61266.411074133,46454.965906073,15490.94435384,300476.09053524
1137500,88450.569802769,80869.181052797,56902.902627513,61447.629972575,46530.797207664,15367.799378052,300431.11995862
1143750,88200.067594524,80972.999027142,56959.371937053,61629.740973266,46607.541636612,15258.943828227,300371.33500316
1150000,87950.653508817,81074.895087046,57015.268206578,61812.583002098,46685.385783428,15146.077715773,300315.13669625
1156250,87702.068943713,81175.023087158,57070.638604403,61995.846382869,46764.517011771,15034.892239259,300257.01373082
1162500,87454.034181435,81273.62325578,57125.509268389,62179.135432837,46845.114660839,14933.749373657,300188.83382705
1168750,87206.267866792,81370.802426172,57179.839088189,62362.042216863,46927.340449629,14823.308466969,300130.39948538
1175000,86958.507347722,81466.455419198,57233.420614039,62544.215226767,47011.32816152,14725.207500017,300060.86573073
1181250,86710.528135408,81560.455762772,57285.903711163,62725.414172425,47097.173612377,14624.757270425,299995.76733542
1187500,86462.160147149,81652.81262096,57337.122700527,62905.533601627,47184.925406159,14523.554660125,299933.89086344
1193750,86213.298422983,81743.65554628,57387.307670415,63084.577554058,47274.578384099,14432.188456221,299864.39396593
1200000,85963.906681421,81833.140296302,57436.941035636,63262.604515701,47366.070872064,14332.250519288,299805.08607958
1206250,85714.013429025,81921.35483678,57486.495015256,63439.68364505,47459.286694567,14242.371267439,299736.79511187
1212500,85463.701780968,82008.386018613,57536.281570864,63615.875776489,47554.06233171,14151.165724607,299670.52679674
1218750,85213.09525686,82094.440519848,57586.483151549,63791.219912675,47650.198310772,14058.517891444,299606.04495684
1225000,84962.342141614,82179.850201214,57637.247040634,63965.703060269,47747.473601828,13973.758126166,299533.62582826
1231250,84711.600561547,82264.95830505,57688.733963553,64139.221463454,47845.661423164,13882.912956746,299466.91132648
1237500,84461.025543797,82349.95879141,57741.119242267,64311.561329198,47944.544780907,13798.037183342,299393.75312907
1243750,84210.758588111,82434.760343684,57794.56195615,64482.420242832,48043.930653224,13714.653151884,299318.9150641
1250000,83960.919802082,82518.988334091,57849.163660528,64651.466908063,48143.661726033,13626.889919085,299248.90965011
1256250,83711.602538294,82602.192456782,57904.97581955,64818.411042004,48243.625283233,13548.293595092,299170.89926503
1262500,83462.870466395,82684.091572267,57962.033674045,64983.050342257,48343.758895081,13463.07912005,299101.11592989
1268750,83214.756980208,82764.640459462,58020.342783458,65145.283588597,48444.052717842,13383.208767344,299027.71470308
1275000,82967.266735419,82843.878050011,58079.859978343,65305.104805517,48544.548835544,13306.02652327,298953.31507189
1281250,82720.378942635,82921.75561646,58140.513670812,65462.596816594,48645.337801589,13222.83609147,298886.58106043
1287500,82474.051895454,82998.168229844,58202.233685111,65617.924364027,48746.553267685,13151.520700434,298809.54785743
1293750,82228.228124938,83072.961512176,58265.031433061,65771.314194687,48848.365240137,13071.288948211,298742.81054678
1300000,81982.839616394,83145.746145946,58329.103132996,65923.022440346,48950.972681216,12999.730777176,298668.58520591
1306250,81737.812758164,83215.847242607,58394.816419426,66073.305894726,49054.595556722,12928.038484209,298595.58364414
1312500,81493.073022284,83282.643576443,58462.493478972,66222.411727306,49159.466418435,12853.797989406,298526.11378714
1318750,81248.549552061,83345.809268295,58532.33371982,66370.580133073,49265.820699692,12788.288243043,298448.618384
1325000,81004.180049109,83404.985365246,58604.756070288,66518.048049638,49373.885108809,12717.375280273,298376.77007663
1331250,80759.916503883,83459.478087156,58680.602150071,66665.043429185,49483.863187051,12651.357558906,298299.73908374
1337500,80515.731597246,83508.228774267,58760.984221767,66811.766224605,49595.917926518,12589.043723921,298218.32753167
1343750,80271.624747134,83549.448418334,58847.276807768,66958.359060512,49710.15231013,12519.87524781,298143.2634083
1350000,80027.626413327,83581.281158889,58940.356589005,67104.878356145,49826.590934973,12463.640154578,298055.62639307
1356250,79783.799513738,83606.767738748,59036.741859287,67251.278475195,49945.16676533,12397.454719752,297978.79092794
1362500,79540.23719877,83625.681043815,59137.111045244,67397.414455472,50065.719107207,12340.467236473,297893.36991301
1368750,79297.056883981,83634.198159646,59245.752729839,67543.059473189,50188.005171276,12282.849704671,297809.07787739
1375000,79054.39088116,83642.316085957,59351.725260534,67687.928431028,50311.725219922,12222.27695074,297729.63717065
1381250,78812.374326694,83649.290344623,59455.543139371,67831.701243847,50436.556019857,12170.929237658,297643.60568794
1387500,78571.13207577,83648.640586563,59564.637385834,67974.046893493,50562.185676341,12112.573535775,297566.78384621
1393750,78330.766732178,83647.624767614,59672.182280244,68114.647036907,50688.343968412,12060.709579691,297485.72563494
1400000,78091.348434382,83652.565848757,59772.175042356,68253.21837399,50814.824411666,12010.734895109,297405.13299373
1406250,77852.906269049,83659.247872734,59868.983648375,68389.529525581,50941.496703295,11954.958912521,297332.87706844
1412500,77615.421667927,83660.188837763,59969.720950437,68523.411058195,51068.310771524,11911.722140425,297251.22457372
1418750,77378.824436881,83655.755929672,60074.327079231,68654.757977988,51195.293909553,11856.810293564,297184.2303731
1425000,77142.992055732,83656.521126588,60172.984524836,68783.523655778,51322.545091873,11813.917617235,297107.51592795
1431250,76907.752714774,83664.099958599,60264.261749876,68909.708843223,51450.226792376,11766.833069281,297037.11687186
1437500,76672.892248424,83673.863977094,60352.206198392,69033.349745643,51578.554655113,11720.08992788,296969.04324744
1443750,76438.164652405,83680.155339755,60442.615705039,69154.508603524,51707.781805866,11680.291041092,296896.48285231
1450000,76203.305582751,83678.769730172,60540.518302838,69273.268989217,51838.175666848,11632.707924351,296833.25380381
1456250,75968.047440062,83674.709689812,60641.512514273,69389.732680614,51969.986506577,11594.714867627,296761.29630102
1462500,75732.134239953,83676.922215999,60736.37804623,69504.018400583,52103.411154063,11553.867740827,296693.26820233
1468750,75495.334912742,83685.877479672,60824.108366188,69616.258915736,52238.560403609,11512.6339713,296627.22595074
1475000,75257.454387232,83698.32009193,60907.896425508,69726.597340718,52375.442052557,11479.698691911,296554.59101013
1481250,75018.342380094,83711.498069986,60990.717595872,69835.183098906,52513.967099253,11436.024122881,296494.267633
1487500,74777.900186417,83722.996987337,61074.8883398,69942.166990228,52653.97824581,11407.006005536,296421.06324486
1493750,74536.085829404,83730.273384986,61162.821863031,70047.697025614,52795.288026646,11367.954973468,296359.87889684
1500000,74292.9177503,83731.608835597,61256.425274911,70151.912969477,52937.715044754,11337.175026602,296292.24509835
1506250,74048.476873672,83730.807769668,61352.145064818,70254.941140505,53081.109581475,11306.791371054,296225.7281988
1512500,73802.906507941,83734.610062246,61443.311027759,70356.889446755,53225.366673927,11272.636998978,296164.27928238
1518750,73556.409439645,83744.401409493,61528.189396914,70457.841758543,53370.426773228,11249.243510207,296093.48771196
1525000,73309.241696786,83758.160200653,61608.283516992,70557.854153864,53516.266938768,11215.522185802,296034.67130712
1531250,73061.702928981,83774.095206124,61685.134993505,70656.950617229,53662.888351261,11194.595181217,295964.63272167
1537500,72814.123791745,83791.303389564,61759.68516531,70755.12200185,53810.305048555,11167.669881178,295901.79072179
1543750,72566.851061234,83809.192488451,61832.765445874,70852.326875552,53958.534589248,11145.584766558,295834.74477307
1550000,72320.231562188,83826.807478171,61905.542249513,70948.49536226,54107.585614068,11126.733231638,295764.60450215
1556250,72074.59597375,83842.517432681,61979.582822638,71043.535645883,54257.437529229,11103.561112245,295698.76948356
1562500,71830.243651977,83854.106017295,62056.890991538,71137.341058802,54408.013131082,11090.753860863,295622.65128843
1568750,71587.429433927,83859.35335264,62139.562989783,71229.799030795,54559.155037699,11070.233880036,295554.46627511
1575000,71346.353183564,83858.710250032,62227.070237157,71320.798653443,54710.62237933,11059.955253873,295476.49004259
1581250,71107.152519096,83857.411165699,62313.83186657,71410.238555422,54862.118242817,11046.897429242,295402.35022114
1587500,70869.898920812,83860.128062114,62394.820654696,71498.032611492,55013.340577162,11036.862412923,295326.91676079
1593750,70634.597246623,83867.771449811,62469.390126126,71584.114326698,55164.037395609,11032.013392253,295248.07606287
1600000,70401.188481945,83879.5879204,62538.945589362,71668.439466563,55314.048765588,11022.53247612,295175.25730001
1606250,70169.555127373,83894.619066646,62604.88595117,71750.9867411,55463.328756978,11024.469172411,295092.15518431
1612500,69939.528402332,83911.922928626,62668.307535559,71831.758182492,55611.947618153,11017.519451979,295019.01588085
1618750,69710.896596356,83930.457089904,62730.064782165,71910.77739222,55760.076385216,11024.235278395,294933.49247573
1625000,69483.414323066,83949.068824543,62790.912337402,71988.08823355,55907.959591496,11023.479638897,294857.07705103
1631250,69256.81244106,83967.015808738,62851.868657127,72063.751715646,56055.885081321,11032.977643405,294771.68865269
1637500,69030.807834448,83984.11356549,62913.943806251,72137.843118004,56204.158367542,11040.877919466,294688.25538879
1643750,68805.11286256,84000.271783754,62977.600449589,72210.448121549,56353.078885869,11052.791794085,294600.69610258
1650000,68579.445011617,84015.250472128,63042.910550394,72281.65893059,56502.911471525,11069.212653156,294508.61091058
1656250,68353.536672749,84028.49471227,63109.953147857,72351.570668952,56653.849092416,11084.567511118,294418.02819463
1662500,68127.143897573,84039.267835421,63179.285982244,72420.277736478,56805.974966092,11108.619032193,294319.43054999
1668750,67900.05434113,84046.982528519,63252.18548358,72487.871338456,56959.239946339,11128.787680447,294224.87868152
1675000,67672.093759147,84050.820163911,63329.932397363,72554.436755531,57113.470171481,11159.936035553,294119.310717
1681250,67443.127739996,84050.72676535,63412.353859164,72620.05194309,57268.404829165,11186.073260056,294019.26160317
1687500,67213.058062664,84049.880675967,63496.004878521,72684.785602531,57423.746413375,11224.389762126,293908.13460481
1693750,66981.814095696,84053.082455501,63576.587178784,72748.696387354,57579.205047268,11257.115068412,293803.49976697
1700000,66749.305195912,84062.694199574,63652.362433349,72811.831364163,57734.528187454,11303.235282585,293686.04333695
1706250,66515.298692706,84078.237194204,63723.877086851,72874.225364256,57889.518479758,11342.743763047,293576.09941917
1712500,66279.31731242,84098.385534629,63792.583901734,72935.899534098,58044.042583297,11397.578465483,293452.19266833
1718750,66040.322444064,84122.205658561,63859.685258081,72996.860821958,58198.034564201,11444.035965197,293338.85528793
1725000,65796.703803611,84148.83474837,63925.831085259,73057.100811508,58351.494801883,11508.318193736,293211.71655562
1731250,65547.970629136,84176.385592074,63989.806326895,73116.595912751,58504.485504701,11562.120860881,293102.63517355
1737500,65295.093768482,84203.14965484,64050.527218343,73175.307298641,58657.120374023,11635.864848595,292982.93683707
1743750,65039.144266755,84229.40741465,64108.839286594,73233.182755105,58809.547546425,11697.909979574,292881.96875089
1750000,64781.601727162,84255.51478842,64165.295715289,73290.15832693,58961.926392844,11780.359283003,292765.14376634
1756250,64525.058308272,84280.482285819,64219.597539988,73346.161830397,59114.401731942,11852.306268225,292661.99203535
1762500,64270.202829121,84303.90351907,64272.313887164,73401.116007852,59267.079992431,11942.632574956,292542.7511894
1768750,64014.841359354,84326.747446555,64325.294803419,73454.942864084,59420.010609439,12027.118259868,292431.04465727
1775000,63757.819495107,84349.340973409,64379.770632891,73507.567269838,59573.172770577,12124.611176589,292307.71768158
1781250,63499.813555858,84371.148464107,64435.838177167,73558.920763634,59726.472990462,12224.06671295,292183.73933581
1787500,63242.255298817,84391.348464802,64492.982424547,73608.944500399,59879.75851468,12328.225623537,292056.48517321
1793750,62987.054624406,84408.799556166,64550.405107026,73657.591676699,60032.848013735,12442.878231969,291920.42278999
1800000,62734.096339056,84423.325733211,64608.293495753,73704.829365007,60185.569619076,12554.600796987,291789.2846509
1806250,62481.498085508,84435.656108985,64667.680216359,73750.639625988,60337.796146065,12683.659079477,291643.07073761
1812500,62228.073777051,84446.135304603,64729.31184353,73795.020254737,60489.467707198,12808.46822623,291503.52288664
1818750,61974.046020084,84454.340553226,64793.349940222,73837.984869423,60640.595279079,12950.669645383,291349.01369257
1825000,61719.933038295,84459.619356085,64859.954543448,73879.562550298,60791.246881384,13098.694513758,291190.98911672
1831250,61466.428844982,84460.829895908,64929.63942879,73919.796932601,60941.52235742,13250.817492019,291030.96504827
1837500,61214.030283192,84456.474745431,65003.473656249,73958.744739612,61091.528495166,13421.005662546,290854.74241779
1843750,60962.209456166,84446.565803725,65082.02136984,73996.473866064,61241.361755934,13589.692081631,290681.67566663
1850000,60709.830069658,84434.232667615,65163.323925342,74033.061137249,61391.099227464,13773.86167091,290494.59130175
1856250,60456.469093854,84423.669637364,65243.662291237,74068.589784215,61540.79266356,13969.962556655,290296.8539731
1862500,60202.346675082,84417.043071372,65320.738942391,74103.14702243,61690.459797413,14161.133623949,290105.13086735
1868750,59947.615253592,84414.432796368,65394.438333322,74136.821726881,61840.075058581,14373.859280422,289892.75755082
1875000,59692.774110068,84414.680415903,65465.527913081,74169.702393334,61989.563879186,14595.754524726,289671.99676369
1881250,59438.522365704,84416.342913271,65534.80839925,74201.875478739,62138.803590555,14813.752071166,289455.8951813
1887500,59184.737184691,84418.647751652,65603.168998147,74233.423988981,62287.631275287,15057.150345729,289215.2404555
1893750,58930.715331807,84421.533509877,65671.338184526,74264.426260302,62435.857123174,15312.416165688,288963.71342461
1900000,58676.250198322,84424.947117042,65739.538925251,74294.954659299,62583.282317348,15567.919426219,288713.10735651
1906250,58421.500281396,84428.629005942,65807.847761355,74325.074385366,62729.717704349,15846.261770232,288440.96909135
1912500,58166.596911829,84432.134353832,65876.594676123,74354.842007886,62874.998226162,16140.116985298,288154.71683886
1918750,57911.999865237,84434.834145879,65946.036134567,74384.303708563,63018.992184712,16443.172109534,287860.6618515
1925000,57658.09363987,84436.546191817,66016.114646133,74413.493716248,63161.606523845,16747.278238101,287566.86704398
1931250,57404.61659471,84437.770097683,66086.738349838,74442.432964471,63302.791239914,17071.610748053,287254.04000532
1937500,57150.989817958,84439.214329109,66157.851458145,74471.12780034,63442.543576531,17415.031642232,286923.24137567
1943750,56897.176001018,84441.098346662,66229.226531064,74499.569600475,63580.911553081,17768.226175997,286583.79179169
1950000,56643.483163407,84443.105169932,66300.71767507,74527.735044537,63717.99474071,18125.979445381,286240.98476095
1956250,56389.920221629,84444.83822678,66372.495989217,74555.58741645,63853.94105849,18509.758117657,285873.45896977
1962500,56136.415460494,84446.208405845,66444.48849037,74583.078508657,63988.939528406,18910.62773998,285490.24186624
1968750,55883.143050534,84447.42735888,66516.090430549,74610.151189487,64123.21180567,19325.170419358,285094.80574551
1975000,55629.954334812,84448.939176809,66586.849329467,74636.742464362,64257.002915171,19743.573345954,284696.93843341
1981250,55376.343746719,84450.945675079,66657.012542797,74662.78690671,64390.571831653,20176.670002331,284285.6692947
1987500,55122.22152922,84452.977619338,66727.169673525,74688.219830457,64524.181096757,20634.936542721,283850.29370797
1993750,54867.586789947,84454.450712345,66797.970602735,74712.980289404,64658.084096496,21114.344861018,283394.58264804
2000000,54612.109745269,84455.133612562,66870.024891354,74737.013723353,64792.508950901,21607.980093684,282925.22898287
2006250,54355.912325535,84454.716967772,66943.520544924,74760.274121726,64927.639672217,22111.213031319,282446.7233365
2012500,54099.133003203,84452.897160122,67018.573534646,74782.725745441,65063.598483044,22622.217166309,281960.85490722
2018750,53840.827185728,84449.06807753,67096.657025759,74804.344409749,65200.433863877,23163.576958619,281445.09247873
2025000,53578.915142526,84441.364888451,67181.630005701,74825.118137494,65338.115703417,23731.828609535,280903.02751286
2031250,53311.442008518,84426.247953983,67278.898601342,74845.047442045,65476.537989746,24320.649678937,280341.17632542
2037500,53042.692050232,84400.517901466,67387.308988545,74864.145073877,65615.527836851,24928.058384141,279761.74976488
2043750,52778.287273815,84366.854468526,67498.555087791,74882.435353017,65754.859799234,25555.470832134,279163.53718547
2050000,52518.699875544,84325.898097459,67611.608662857,74899.953017357,65894.27380944,26202.550193051,278547.01634428
2056250,52262.879639984,84274.153778146,67731.171480219,74916.7416424,66033.494141788,26870.903718932,277910.65559852
2062500,52007.879735133,84214.539743096,67857.471395414,74932.851864277,66172.246339421,27551.812746158,277263.19817649
2068750,51751.439683427,84154.079530502,67985.962165345,74948.339520121,66310.270885981,28256.285215107,276593.62299951
2075000,51493.653094305,84097.294246382,68112.244658562,74963.263628916,66447.33352441,28998.837469291,275887.37337812
2081250,51236.494907991,84044.082147755,68234.650771202,74977.684593286,66583.232190238,29781.196272776,275142.65911674
2087500,50983.807283281,83990.712980689,68353.257686388,74991.662709458,66717.80001651,30592.325432025,274370.43389164
2093750,50734.64968354,83938.717697425,68467.626357516,75005.256753481,66850.904788373,31434.273559611,273568.57116004
2100000,50484.861804659,83891.532343285,68578.559378453,75018.522782428,66982.446133478,32319.057303627,272725.02025406
2106250,50233.319345245,83849.004433538,68687.320155775,75031.513192853,67112.352092106,33246.852734021,271839.63804645
2112500,49981.38460886,83809.689995765,68793.917403392,75044.275812916,67240.576462826,34363.966654257,270766.18906197
2118750,49731.887529082,83770.900170908,68898.1349658,75056.852439426,67367.095812779,35220.534675266,269954.59440673
2125000,49486.072869316,83730.444069474,69000.88000752,75069.27781001,67491.908135207,35951.252399264,269270.1647092
2131250,49241.463169598,83689.565635551,69103.402069988,75081.578333342,67615.031100602,36601.597238348,268667.36245256
2137500,48995.975510694,83649.867618341,69206.249965225,75093.770657655,67736.499643343,37183.491190128,268134.1454146
2143750,48749.962231041,83611.574237982,69308.949587524,75105.860347016,67856.362759904,37717.438210727,267649.8526258
2150000,48504.417085055,83574.580457094,69410.718502764,75117.840663786,67974.679371318,38212.034474746,267205.72944523
2156250,48260.209600302,83538.165995445,69511.493307114,75129.691494158,68091.513072359,38664.860424323,266804.06610629
2162500,48017.59777675,83501.471291686,69611.928235461,75141.378707025,68206.925840425,39079.80308551,266440.89506313
2168750,47775.95256077,83464.676389805,69712.47359832,75152.854110581,68320.971167498,39464.076254394,266108.99591862
2171875,47654.666257937,83446.614955262,69763.027856498,75158.563813456,68377.807671755,39644.885553199,265954.43389188
2178125,47412.470555328,83411.344211182,69863.883097381,75169.600598023,68489.856558531,39957.678075845,265695.1669037
2181250,47290.567044767,83394.190091436,69914.701658073,75175.059943199,68545.699862414,40106.638552929,265573.14284717
2184375,47168.423191183,83377.348799621,69965.574776413,75180.41511392,68601.208937261,40243.448188445,265463.58099314
2187500,47046.069342589,83360.805566783,70016.454902641,75185.654980013,68656.382079056,40372.310236333,265362.32289258
2190625,46923.620926342,83344.517963823,70067.240773844,75190.767896008,68711.215514226,40488.470020994,265274.16690475
2193750,46801.259592013,83328.422104831,70117.793260531,75195.741816812,68765.703486654,40594.169486209,265196.91025294
2196875,46679.185823443,83312.450958589,70167.966622588,75200.564400141,68819.838278119,40694.818975175,265125.17494193
2200000,46557.598593996,83296.527559263,70217.636416724,75205.223075633,68873.610116737,40789.150818957,265060.25341868
2203125,46436.623154322,83280.574522912,70266.761543067,75209.705132683,68927.007133935,40872.938334312,265006.39017876
2206250,46316.187180637,83264.565996344,70315.454362819,75213.997842691,68980.015435266,40947.906808062,264961.87237417
2209375,46196.022292723,83248.542903375,70363.961466601,75218.088565445,69032.619135314,41017.833916755,264922.93171978
2212500,46075.817578525,83232.562929234,70412.557539236,75221.964829219,69084.800336367,41081.916240616,264890.38054679
2215625,45955.388829772,83216.641073331,70461.433325957,75225.614405652,69136.539122581,41136.092187585,264868.29105511
2218750,45834.724192251,83200.736534002,70510.661493022,75229.025412816,69187.813664165,41180.267845476,264856.77085826
2221875,45713.891761628,83184.792134891,70560.248827691,75232.186404838,69238.600338718,41217.271896455,264853.00863577
2225000,45592.957335045,83168.772356921,70610.180585954,75235.086440024,69288.87374726,41248.643183541,264855.48635124
2228125,45471.993684484,83152.668772729,70660.406145098,75237.715146942,69338.606847453,41272.133615133,264866.47578815
2231250,45351.106586142,83136.493375652,70710.820311958,75240.062788179,69387.771028295,41285.424894212,264888.32101555
2234375,45230.410139171,83120.278665768,70761.288099216,75242.120326673,69436.33627695,41288.503308046,264921.06318416
2237500,45109.976211841,83104.079746219,70811.692753616,75243.8794831,69484.271345062,41282.642026942,264963.45843321
2240625,44989.804000213,83087.96462747,70861.974801705,75245.332775618,69531.543909273,41268.815821272,265014.56406444
2243750,44869.822860833,83071.991583539,70912.150281183,75246.47355519,69578.1207478,41246.41412736,265075.02684409
2246875,44749.947945947,83056.177413622,70962.285289558,75247.296045603,69623.967926791,41214.095738155,265146.22964031
2250000,44630.200299609,83040.460397225,71012.411911312,75247.79536981,69669.051088961,41171.004158536,265229.07677454
2253125,44510.788353994,83024.681755939,71062.465619167,75247.967583243,69713.335684484,41116.771578992,265323.98942417
2256250,44392.030466809,83008.618640638,71112.331755193,75247.809687047,69756.787249298,41051.548568409,265430.87363259
2259375,44274.226790432,82992.030648487,71161.930761906,75247.319634698,69799.371679933,40975.904155453,265549.21632908
2262500,44157.60563889,82974.690008229,71211.246062355,75246.496331684,69841.055507829,40890.743341766,265678.16310924
2265625,44042.195269547,82956.457781146,71260.38019383,75245.339630623,69881.806178801,40796.705924302,265817.11502174
2268750,43927.652386253,82937.369107686,71309.643755437,75243.850326979,69921.592325174,40693.604675909,265966.28742255
2271875,43813.431877412,82917.567618679,71359.451874644,75242.030144174,69960.384027673,40580.415701175,266126.71875623
2275000,43699.249625464,82897.154834182,71410.010528668,75239.881713073,69998.153043479,40455.879009426,266299.6712457
2278125,43585.207882288,82876.181214085,71461.197032709,75237.408538229,70034.873029134,40319.279459325,266485.85284422
2281250,43471.511983808,82854.750310561,71512.735405635,75234.614962562,70070.519714249,40171.187347089,266684.68027609
2284375,43358.256617147,82833.035672804,71564.389561738,75231.506124325,70105.071089527,40013.048989003,266894.69194544
2287500,43245.430231525,82811.188049079,71616.049040568,75228.087916821,70138.50754707,39845.460604823,267115.2766101
2290625,43133.03305554,82789.276076744,71667.668922194,75224.366946383,70170.812016359,39667.497146022,267347.34583675
2292187.5,43076.873301207,82778.318273023,71693.516714763,75222.440668015,70186.691511627,39574.850613941,267467.30891741
2295312.5,42965.311783165,82756.257710352,71744.971930899,75218.278985795,70217.271630621,39379.101573134,267718.80638602
2298437.5,42854.535231844,82733.893539019,71796.31186587,75213.833866282,70246.688856137,39170.488283036,267984.2483578
2301562.5,42744.756258329,82710.924881939,71847.636394155,75209.113998405,70274.935679282,38950.702572946,268261.93021493
2304687.5,42636.031019626,82687.079343876,71899.172320121,75204.128548209,70302.007444497,38721.786686325,268549.79463734
2307812.5,42528.269824126,82662.240045571,71951.136017187,75198.887110305,70327.902378924,38483.871521097,268847.69310278
2310937.5,42421.364161581,82636.483851842,72003.567653126,75193.399665484,70352.621583765,38235.410419655,269157.15266454
2314062.5,42315.174337814,82610.075015895,72056.348700673,75187.676532194,70376.169017109,37975.12806282,269479.42833348
2317187.5,42209.488820757,82583.374007276,72109.332095192,75181.728314476,70398.55146904,37703.586196376,269813.93909687
2320312.5,42104.085491606,82556.664072131,72162.452879037,75175.565865403,70419.778470573,37423.710673663,270157.74254758
2323437.5,41998.836329855,82530.037462098,72215.73618651,75169.200238024,70439.862243405,37138.245774318,270508.08176578
2326562.5,41893.739990557,82503.425899435,72269.234213639,75162.642655149,70458.817606644,36847.169696503,270864.96993806
2329687.5,41788.883628659,82476.693461541,72322.972957387,75155.904469161,70476.661869028,36548.60555115,271230.27806306
2332812.5,41684.415391761,82449.671741876,72376.947392264,75148.997124599,70493.414696276,36241.488258301,271605.06539491
2335937.5,41580.553736887,82422.117137367,72431.158503503,75141.932117907,70509.097969495,35926.566645435,271988.5738894
2339062.5,41477.563702533,82393.686531329,72485.664812579,75134.720958486,70523.735638534,35605.805854774,272378.82250175
2342187.5,41375.620379876,82364.035481626,72540.623085547,75127.3751391,70537.353572602,35279.907000474,272775.08534076
2345312.5,41274.68272692,82332.979363923,72596.254095879,75119.906099683,70549.979398728,34948.301045369,273177.89726949
2348437.5,41174.572808897,82300.562938703,72652.692937183,75112.325190571,70561.642323827,34612.136638104,273586.0671627
2351562.5,41075.103942758,82267.037490857,72709.881704202,75104.643633502,70572.372947526,34273.815774611,273997.14450653
2354687.5,40976.097498534,82232.80817621,72767.602796652,75096.872479035,70582.203078503,33934.103356249,274410.31261481
2357812.5,40877.378490381,82198.348327331,72825.566497653,75089.022568046,70591.16555423,33591.625296698,274826.89326565
2360937.5,40778.802958735,82164.10026547,72883.480788239,75081.104495765,70599.294058667,33243.528161889,275249.68927122
2364062.5,40680.293739305,82130.417756839,72941.071876422,75073.128572519,70606.622952619,32890.297493678,275678.16760861
2367187.5,40581.858401921,82097.559072588,72998.072832252,75065.104786238,70613.187105262,32536.404266839,276107.81353489
2370312.5,40483.584956409,82065.689160366,73054.226133957,75057.042763555,70619.021732387,32184.767965718,276535.6672876
2373437.5,40385.626045046,82034.85558079,73109.32452752,75048.951728944,70624.162231064,31835.341744863,276961.73814176
2376562.5,40288.174914811,82004.95226644,73163.272554169,75040.840463911,70628.644017045,31485.904544496,277388.21123912
2379687.5,40191.370846628,81975.750262504,73216.151627244,75032.717273668,70632.502377225,31133.118933423,277818.3886793
2382812.5,40095.189276737,81947.01086446,73268.217521382,75024.589938954,70635.772353455,30775.732267886,278253.48777711
2385937.5,39999.551952489,81918.551619737,73319.724893553,75016.465709796,70638.488625748,30416.354788283,278690.86241038
2389062.5,39904.46249079,81890.26472187,73370.773107943,75008.351264029,70640.685406475,30059.547128485,279125.9158804
2392187.5,39809.915393364,81862.185950382,73421.327556711,75000.252665599,70642.396323741,29710.865898301,279553.05621189
2395312.5,39715.747605321,81834.526257295,73471.335573247,74992.17535464,70643.65431145,29369.652019466,279972.90887857
2398437.5,39621.648710654,81807.544201916,73520.84238301,74984.124118704,70644.491526303,29027.153757146,280394.19530226
2401562.5,39527.354199561,81781.380218269,73569.962287516,74976.103080247,70644.939278601,28675.192745565,280825.06819023
2404687.5,39432.785644793,81756.021025837,73618.773149167,74968.115688174,70645.02797368,28317.867616027,281261.40890231
2407812.5,39338.012943611,81731.380363494,73667.273240871,74960.164709531,70644.787046877,27969.293167365,281689.08852824
2410937.5,39243.150002256,81707.359210983,73715.426151388,74952.252227585,70644.244897024,27637.578577754,282099.988933
2414062.5,39148.317755154,81683.801392971,73763.243818639,74944.379634603,70643.428829845,27315.098156495,282501.73041228
2417187.5,39053.649835599,81660.430806896,73810.846337124,74936.547687091,70642.365017483,26986.880172811,282909.28014299
2420312.5,38959.34250124,81636.862704185,73858.402421834,74928.756455569,70641.078456345,26646.038950664,283329.51851015
2423437.5,38865.696275103,81612.682993397,73906.010520297,74921.0053938,70639.592944163,26304.377312685,283750.63456054
2426562.5,38772.987395072,81587.661545684,73953.614686552,74913.293352972,70637.931047015,25978.737713071,284155.77425962
2429687.5,38681.142387442,81562.01060186,74001.071384934,74905.618611185,70636.114069296,25671.186432488,284542.85651278
2432812.5,38589.635069426,81536.256789874,74048.379707375,74897.978912687,70634.162027772,25369.916570767,284923.67092209
2435937.5,38497.879137048,81510.857618259,74095.671118716,74890.37151101,70632.093636052,25062.22136949,285310.90560941
2439062.5,38405.572138088,81486.007898916,74143.057819438,74882.793208505,70629.92629573,24744.40942998,285708.23320933
2442187.5,38312.716800808,81461.694913601,74190.555095662,74875.240406221,70627.676095063,24428.488627014,286103.62806162
2445312.5,38219.432369347,81437.851153297,74238.116301088,74867.709152681,70625.35780073,24128.299112668,286483.23411018
2448437.5,38125.82582235,81414.4117375,74285.703507141,74860.195193342,70622.984863858,23844.592704344,286846.28617145
2451562.5,38032.070579347,81391.213921027,74333.308928904,74852.694024731,70620.569424584,23568.879629428,287201.26349197
2454687.5,37938.558226079,81367.871725744,74380.928541884,74845.200944025,70618.122326295,23291.762689191,287557.55554677
2457812.5,37845.881206306,81343.819044215,74428.536560344,74837.711102878,70615.653136723,23006.569114014,287921.82983551
2460937.5,37754.571856185,81318.671100241,74475.985450602,74830.219554885,70613.170173507,22718.513433312,288288.86843126
2464062.5,37664.560033435,81292.650660038,74523.122706762,74822.72130481,70610.680533373,22440.322339302,288645.94242227
2467187.5,37575.133393217,81266.400929735,74570.018279309,74815.211355641,70608.190127777,22178.000638166,288987.04527614
2470312.5,37485.523044725,81240.497257057,74616.867696018,74807.684754592,70605.70372395,21928.836820841,289314.88670281
2473437.5,37395.307779097,81215.214010478,74663.821230035,74800.136635113,70603.224991812,21686.188192546,289636.10716091
2476562.5,37304.446336118,81190.561225241,74710.915004054,74792.562257416,70600.756555784,21440.849835304,289959.90878607
2479687.5,37213.066453128,81166.453765279,74758.112517788,74784.957043449,70598.300050623,21186.541554391,290292.56861533
2482812.5,37121.295728176,81142.815266255,74805.369305619,74777.316610355,70595.856181108,20929.471065045,290627.87584343
2485937.5,37029.348360032,81119.493210332,74852.630350142,74769.636800849,70593.42478556,20681.632432897,290953.83406018
2489062.5,36937.732863224,81096.067637466,74899.812732312,74761.913710841,70591.00490389,20449.547330092,291263.92082216
2492187.5,36847.27815737,81071.867895826,74946.761844583,74754.143714285,70588.594848231,20232.053221572,291559.30031812
2495312.5,36758.611339283,81046.529868463,74993.215605258,74746.323484602,70586.19227491,20023.020286661,291846.10714081
2498437.5,36671.411370236,81020.429065883,75039.117249008,74738.450010505,70583.794258251,19813.225686004,292133.5723601
2501562.5,36584.742135169,80994.278197786,75084.68478062,74730.520611217,70581.397364695,19594.015814228,292430.36109627
2504687.5,36497.776069397,80968.62638504,75130.188781014,74722.532946998,70578.99772638,19365.980918739,292735.89717242
2507812.5,36410.122966412,80943.683388736,75175.800466955,74714.485026139,70576.591114832,19139.807988898,293039.50904802
2510937.5,36321.783895918,80919.396153243,75221.562518604,74706.375210085,70574.17301357,18926.23018456,293330.47902401
2514062.5,36232.909562164,80895.635207628,75267.445503624,74698.202214847,70571.73868939,18728.973135226,293605.09568711
2517187.5,36143.679837374,80872.27557238,75313.388274611,74689.965109078,70569.283260754,18544.610354224,293866.79759157
2520312.5,36054.452324787,80849.050712068,75359.295838564,74681.663308856,70566.801763112,18366.08869395,294122.64735865
2523437.5,35966.046595684,80825.323785837,75404.983835281,74673.296569981,70564.289211456,18185.361478107,294380.69852364
2526562.5,35879.516492887,80800.414502412,75450.079046177,74664.864977345,70561.740658609,17995.679578596,294647.70474396
2529687.5,35794.960758604,80774.392926583,75494.414459129,74656.368931338,70559.151250106,17796.294343437,294924.41733079
2532812.5,35711.442099199,80747.953284355,75538.235830661,74647.809132529,70556.516275268,17594.608880911,295203.43449707
2535937.5,35627.892306455,80721.797905609,75581.912057398,74639.18656487,70553.831213584,17400.938252067,295474.44170001
2539062.5,35543.645888969,80696.318395787,75625.719856293,74630.502476906,70551.091778423,17221.187714032,295731.53388958
2542187.5,35458.534597584,80671.57013941,75669.774289065,74621.758363086,70548.293953971,17054.347534167,295975.72112271
2545312.5,35372.700950558,80647.439823489,75714.047413317,74612.955943222,70545.434032219,16895.298627681,296212.1232095
2548437.5,35286.384668114,80623.809188649,75758.417921814,74604.09714281,70542.508640636,16738.381853993,296446.40058397
2551562.5,35199.96470345,80600.473050728,75802.711093819,74595.184073352,70539.514772237,16578.804310264,296683.34799614
2554687.5,35114.428225117,80576.82818459,75846.541074465,74586.219015578,70536.449802972,16412.92651975,296926.60717752
2557812.5,35031.021238227,80552.239959504,75889.293923242,74577.204398415,70533.311511849,16239.656716731,297177.27225202
2560937.5,34949.681188514,80526.910796012,75930.826880077,74568.142785112,70530.098094857,16062.448130493,297431.89212492
2564062.5,34869.272082342,80501.645055326,75971.468714096,74559.036858404,70526.808174586,15888.162648818,297683.60646642
2567187.5,34788.604262354,80477.29739897,76011.5518969,74549.889404468,70523.440805367,15722.301218089,297926.91501384
2570312.5,34706.93124233,80454.583646774,76051.10509764,74540.703305724,70519.995476615,15565.895974062,298160.78525684
2573437.5,34624.121942425,80434.232190373,76089.529599518,74531.481526712,70516.472110488,15416.861733527,298387.30089695
2576562.5,34540.620937556,80417.775588854,76124.847380968,74522.227109909,70512.871055171,15272.476581708,298609.18134582
2579687.5,34457.65417645,80409.28110803,76151.764563673,74512.943161639,70509.193078141,15130.355361861,298828.8085502
2582812.5,34377.544331774,80409.592356441,76167.114033834,74503.632848714,70505.439352206,14987.903672594,299048.77340443
2589062.5,34227.37858562,80410.577009171,76187.846080512,74484.874930908,70497.593232643,14685.410189736,299506.3199714
2595312.5,34081.260593594,80403.944288625,76212.475582723,74466.058442257,70489.47314241,14361.086745928,299985.70120445
2601562.5,33936.945915034,80390.836138339,76242.023871191,74447.210137859,70481.102010374,14048.891465931,300452.99046126
2607812.5,33793.53632521,80376.439407019,76272.088403504,74428.357008867,70472.507147418,13762.016168768,300895.0555392
2614062.5,33650.582480106,80360.346991264,76303.401184826,74409.525900487,70463.71945174,13484.149255265,301328.2747363
2620312.5,33507.828328784,80341.573619026,76337.09379539,74390.743051793,70454.772645178,13187.153049357,301780.83551046
2626562.5,33365.113971887,80322.730666875,76370.631878009,74372.03355069,70445.702575636,12869.024310089,302254.7630468
2632812.5,33222.324441957,80304.95081407,76402.940284746,74353.420711361,70436.546601938,12565.618431775,302714.19871414
2645312.5,32936.6902056,80263.882563241,76472.07929875,74316.520484553,70417.873901829,12010.974346967,303581.97919905
2657812.5,32649.307500121,80223.945017589,76540.457704674,74280.247156945,70399.406102117,11356.622769847,304550.0137487
2670312.5,32359.628752234,80186.368413264,76607.260394455,74244.622926001,70381.442725206,10745.325500732,305475.3512881
2682812.5,32067.405838647,80143.017115048,76680.933952776,74209.567600692,70364.259080169,10093.198019913,306441.61839274
2695312.5,31772.751792487,80099.875616774,76755.614983583,74174.89269937,70348.086765555,9490.8400918178,307357.9380504
2707812.5,31476.123085597,80063.335811785,76824.538712503,74140.314874523,70333.090824134,8874.1775257452,308288.4191657
2720312.5,31178.224012914,80025.185646084,76895.078232993,74105.488422489,70319.345432866,8285.0607454554,309191.61750719
2732812.5,30879.878917054,79981.694388159,76970.190097003,74070.051977197,70306.812670862,7714.8111628957,310076.56078682
2745312.5,30581.987421632,79936.353628735,77045.929521444,74033.678819502,70295.331441543,7141.1654087408,310965.55375839
2757812.5,30285.46823549,79893.193422943,77118.018954094,73996.119880474,70284.623208444,6614.9922995593,311807.58399898
2770312.5,29991.090593398,79855.230666909,77183.363023953,73957.230077533,70274.318228882,6063.0197859103,312675.7476234
2782812.5,29699.350978261,79815.376405629,77249.233919542,73916.974251462,70263.999902366,5576.6277417378,313478.43680099
2795312.5,29410.446107042,79766.941494707,77322.774456253,73875.416447363,70253.259050089,5049.2228667797,314321.93957775
2807812.5,29124.36377426,79709.393843764,77404.942026174,73832.702850839,70241.746834641,4593.2468623001,315093.60380801
2820312.5,28841.015025345,79641.568081298,77496.928877989,73789.048877068,70229.215151045,4103.0939343032,315899.13005294
2832812.5,28560.045816838,79564.045894595,77598.085831955,73744.736212821,70215.536658637,3670.900851455,316646.64873369
2845312.5,28280.597690429,79487.82843822,77697.811473375,73700.121247402,70200.703609755,3221.4667215499,317411.47081926
2857812.5,28001.520388211,79425.09198402,77784.641872516,73655.655215711,70184.811057022,2810.518667159,318137.76081535
2870312.5,27721.642031021,79376.654632062,77858.324773948,73611.920998069,70168.037894352,2411.0155771673,318852.40409337
2882812.5,27439.434044366,79332.545774847,77929.472223355,73569.697135692,70150.633233672,2024.7101357609,319553.5074523
2895312.5,27152.450810683,79286.948064864,78005.133344177,73530.078282592,70132.913849501,1679.5581145557,320212.91753362
2907812.5,26857.135429082,79239.498998458,78087.385104823,73494.724627133,70115.273354102,1323.1943005699,320882.78818582
2932812.5,26158.996322959,79141.678800858,78305.800726494,73479.744824809,70082.71541668,458.13787626089,322372.92603193
2957812.5,25239.664903917,79045.583507915,78637.672445636,73559.185370464,70062.208621179,252.5752308866,323203.10991999
2982812.5,24393.089673333,78955.530416446,78882.524511947,73604.578707903,70083.993022118,194.48028121408,323885.80338703
3007812.5,23572.723865946,78887.277396703,79023.444494508,73597.672828833,70214.031295361,166.59414666959,324538.25597197
